Workbook

Sheet Setup
A1: UDR Tagging — Execution Scheduler
A3: Prioritisation Mode | B3: Volume | C3: ← choose Location or Volume
A4: Number of Parallel Servers | B4: 3 | C4: ← supports up to 6 in this template (see Schedule sheet cols I:N)
A5: Schedule Start | B5: 46230.333 | C5: ← when the first server becomes available
A7: How this works
A8: 1. Enter every drive on the 'Drives' sheet: Location, LocationRank (1 = highest priority location), VolumeTB (leave blank if not yet known) and ForecastHrs.
A9: 2. Set Mode above to 'Location' (fixed priority order = LocationRank) or 'Volume' (largest VolumeTB first). Drives with an unknown volume are always scheduled last, ordered by LocationRank as a tiebreak.
A10: 3. The 'Schedule' sheet automatically re-ranks the drives (Drives!Rank), then simulates N identical servers: each drive is assigned to whichever server becomes free soonest — this is the standard greedy list-scheduling rule for parallel identical machines.
A11: 4. As you fill in more VolumeTB values, or change Mode, or change the server count, the whole schedule re-sequences and re-times itself — nothing needs to be re-typed or manually re-sorted.
A12: 5. Yellow cells are the only cells you should edit. Everything else is a formula.
A13: 6. If a server is already running a job, set its 'Available From' time below to when that job will finish — the schedule will not assign it a new drive until then. Idle servers can be left at the default (Schedule Start).
A15: Per-Server Availability
A16: Server | B16: Available From | C16: ← for a server currently mid-job, enter when it will finish; otherwise leave as Schedule Start
A17: Server 1 | B17: =$B$5 -> 46230.333
A18: Server 2 | B18: =$B$5 -> 46230.333
A19: Server 3 | B19: =$B$5 -> 46230.333
A20: Server 4 | B20: =$B$5 -> 46230.333
A21: Server 5 | B21: =$B$5 -> 46230.333
A22: Server 6 | B22: =$B$5 -> 46230.333

Sheet Drives
A1: DriveID | B1: Location | C1: LocationRank | D1: VolumeTB | E1: ForecastHrs | F1: SortKey | G1: SortKeyUnique | H1: Rank
A2: D001 | B2: London | C2: 1 | D2: 12.5 | E2: 6 | F2: =IF(Setup!$B$3="Volume",IF(D2="",-1,D2),-C2) -> 12.5 | G2: =F2-(C2*0.0000001)-(ROW()*0.00000000001) -> 12.5 | H2: =RANK(G2,$G$2:$G$13,0) -> 5
A3: D002 | B3: London | C3: 1 | E3: 8 | F3: =IF(Setup!$B$3="Volume",IF(D3="",-1,D3),-C3) -> -1 | G3: =F3-(C3*0.0000001)-(ROW()*0.00000000001) -> -1.0000001 | H3: =RANK(G3,$G$2:$G$13,0) -> 8
A4: D003 | B4: London | C4: 1 | D4: 4.2 | E4: 3 | F4: =IF(Setup!$B$3="Volume",IF(D4="",-1,D4),-C4) -> 4.2 | G4: =F4-(C4*0.0000001)-(ROW()*0.00000000001) -> 4.1999999 | H4: =RANK(G4,$G$2:$G$13,0) -> 6
A5: D004 | B5: Manchester | C5: 2 | D5: 30 | E5: 14 | F5: =IF(Setup!$B$3="Volume",IF(D5="",-1,D5),-C5) -> 30 | G5: =F5-(C5*0.0000001)-(ROW()*0.00000000001) -> 30 | H5: =RANK(G5,$G$2:$G$13,0) -> 2
A6: D005 | B6: Manchester | C6: 2 | E6: 10 | F6: =IF(Setup!$B$3="Volume",IF(D6="",-1,D6),-C6) -> -1 | G6: =F6-(C6*0.0000001)-(ROW()*0.00000000001) -> -1.0000002 | H6: =RANK(G6,$G$2:$G$13,0) -> 9
A7: D006 | B7: Manchester | C7: 2 | D7: 18.6 | E7: 9 | F7: =IF(Setup!$B$3="Volume",IF(D7="",-1,D7),-C7) -> 18.6 | G7: =F7-(C7*0.0000001)-(ROW()*0.00000000001) -> 18.6 | H7: =RANK(G7,$G$2:$G$13,0) -> 4
A8: D007 | B8: Leeds | C8: 3 | E8: 5 | F8: =IF(Setup!$B$3="Volume",IF(D8="",-1,D8),-C8) -> -1 | G8: =F8-(C8*0.0000001)-(ROW()*0.00000000001) -> -1.0000003 | H8: =RANK(G8,$G$2:$G$13,0) -> 10
A9: D008 | B9: Leeds | C9: 3 | D9: 22.1 | E9: 11 | F9: =IF(Setup!$B$3="Volume",IF(D9="",-1,D9),-C9) -> 22.1 | G9: =F9-(C9*0.0000001)-(ROW()*0.00000000001) -> 22.1 | H9: =RANK(G9,$G$2:$G$13,0) -> 3
A10: D009 | B10: Leeds | C10: 3 | E10: 7 | F10: =IF(Setup!$B$3="Volume",IF(D10="",-1,D10),-C10) -> -1 | G10: =F10-(C10*0.0000001)-(ROW()*0.00000000001) -> -1.0000003 | H10: =RANK(G10,$G$2:$G$13,0) -> 11
A11: D010 | B11: Bristol | C11: 4 | D11: 45.3 | E11: 20 | F11: =IF(Setup!$B$3="Volume",IF(D11="",-1,D11),-C11) -> 45.3 | G11: =F11-(C11*0.0000001)-(ROW()*0.00000000001) -> 45.3 | H11: =RANK(G11,$G$2:$G$13,0) -> 1
A12: D011 | B12: Bristol | C12: 4 | D12: 3.1 | E12: 2 | F12: =IF(Setup!$B$3="Volume",IF(D12="",-1,D12),-C12) -> 3.1 | G12: =F12-(C12*0.0000001)-(ROW()*0.00000000001) -> 3.0999996 | H12: =RANK(G12,$G$2:$G$13,0) -> 7
A13: D012 | B13: Bristol | C13: 4 | E13: 6 | F13: =IF(Setup!$B$3="Volume",IF(D13="",-1,D13),-C13) -> -1 | G13: =F13-(C13*0.0000001)-(ROW()*0.00000000001) -> -1.0000004 | H13: =RANK(G13,$G$2:$G$13,0) -> 12
A15: Add more drives by continuing the rows above — formulas in F:H will need to be filled down to match, and the Schedule sheet's $H$2:$H$last range extended.

Sheet Schedule
A1: Execution Schedule (auto-ranked, auto-timed)
A3: OrderNo | B3: DriveID | C3: Location | D3: VolumeTB | E3: ForecastHrs | F3: AssignedServer | G3: StartTime | H3: EndTime | I3: Server1 | J3: Server2 | K3: Server3 | L3: Server4 | M3: Server5 | N3: Server6
I4: =IF(1<=Setup!$B$4,"Server "&1,"") -> Server 1 | J4: =IF(2<=Setup!$B$4,"Server "&2,"") -> Server 2 | K4: =IF(3<=Setup!$B$4,"Server "&3,"") -> Server 3 | L4: =IF(4<=Setup!$B$4,"Server "&4,"") | M4: =IF(5<=Setup!$B$4,"Server "&5,"") | N4: =IF(6<=Setup!$B$4,"Server "&6,"")
A5: (start state) | I5: =IF(I$4="","",Setup!$B$17) -> 46230.333 | J5: =IF(J$4="","",Setup!$B$18) -> 46230.333 | K5: =IF(K$4="","",Setup!$B$19) -> 46230.333 | L5: =IF(L$4="","",Setup!$B$20) | M5: =IF(M$4="","",Setup!$B$21) | N5: =IF(N$4="","",Setup!$B$22)
A6: 1 | B6: =IFERROR(INDEX(Drives!$A$2:$A$13,MATCH($A6,Drives!$H$2:$H$13,0)),"") -> D010 | C6: =IF($B6="","",INDEX(Drives!$B$2:$B$13,MATCH($A6,Drives!$H$2:$H$13,0))) -> Bristol | D6: =IF($B6="","",INDEX(Drives!$D$2:$D$13,MATCH($A6,Drives!$H$2:$H$13,0))) -> 45.3 | E6: =IF($B6="","",INDEX(Drives!$E$2:$E$13,MATCH($A6,Drives!$H$2:$H$13,0))) -> 20 | F6: =IF($B6="","",INDEX($I$4:$N$4,MATCH(MIN($I5:$N5),$I5:$N5,0))) -> Server 1 | G6: =IF($B6="","",MIN($I5:$N5)) -> 46230.333 | H6: =IF($B6="","",$G6+$E6/24) -> 46231.167 | I6: =IF(I$4="","",IF($B6="",I5,IF(I$4=$F6,$H6,I5))) -> 46231.167 | J6: =IF(J$4="","",IF($B6="",J5,IF(J$4=$F6,$H6,J5))) -> 46230.333 | K6: =IF(K$4="","",IF($B6="",K5,IF(K$4=$F6,$H6,K5))) -> 46230.333 | L6: =IF(L$4="","",IF($B6="",L5,IF(L$4=$F6,$H6,L5))) | M6: =IF(M$4="","",IF($B6="",M5,IF(M$4=$F6,$H6,M5))) | N6: =IF(N$4="","",IF($B6="",N5,IF(N$4=$F6,$H6,N5)))
A7: 2 | B7: =IFERROR(INDEX(Drives!$A$2:$A$13,MATCH($A7,Drives!$H$2:$H$13,0)),"") -> D004 | C7: =IF($B7="","",INDEX(Drives!$B$2:$B$13,MATCH($A7,Drives!$H$2:$H$13,0))) -> Manchester | D7: =IF($B7="","",INDEX(Drives!$D$2:$D$13,MATCH($A7,Drives!$H$2:$H$13,0))) -> 30 | E7: =IF($B7="","",INDEX(Drives!$E$2:$E$13,MATCH($A7,Drives!$H$2:$H$13,0))) -> 14 | F7: =IF($B7="","",INDEX($I$4:$N$4,MATCH(MIN($I6:$N6),$I6:$N6,0))) -> Server 2 | G7: =IF($B7="","",MIN($I6:$N6)) -> 46230.333 | H7: =IF($B7="","",$G7+$E7/24) -> 46230.917 | I7: =IF(I$4="","",IF($B7="",I6,IF(I$4=$F7,$H7,I6))) -> 46231.167 | J7: =IF(J$4="","",IF($B7="",J6,IF(J$4=$F7,$H7,J6))) -> 46230.917 | K7: =IF(K$4="","",IF($B7="",K6,IF(K$4=$F7,$H7,K6))) -> 46230.333 | L7: =IF(L$4="","",IF($B7="",L6,IF(L$4=$F7,$H7,L6))) | M7: =IF(M$4="","",IF($B7="",M6,IF(M$4=$F7,$H7,M6))) | N7: =IF(N$4="","",IF($B7="",N6,IF(N$4=$F7,$H7,N6)))
A8: 3 | B8: =IFERROR(INDEX(Drives!$A$2:$A$13,MATCH($A8,Drives!$H$2:$H$13,0)),"") -> D008 | C8: =IF($B8="","",INDEX(Drives!$B$2:$B$13,MATCH($A8,Drives!$H$2:$H$13,0))) -> Leeds | D8: =IF($B8="","",INDEX(Drives!$D$2:$D$13,MATCH($A8,Drives!$H$2:$H$13,0))) -> 22.1 | E8: =IF($B8="","",INDEX(Drives!$E$2:$E$13,MATCH($A8,Drives!$H$2:$H$13,0))) -> 11 | F8: =IF($B8="","",INDEX($I$4:$N$4,MATCH(MIN($I7:$N7),$I7:$N7,0))) -> Server 3 | G8: =IF($B8="","",MIN($I7:$N7)) -> 46230.333 | H8: =IF($B8="","",$G8+$E8/24) -> 46230.792 | I8: =IF(I$4="","",IF($B8="",I7,IF(I$4=$F8,$H8,I7))) -> 46231.167 | J8: =IF(J$4="","",IF($B8="",J7,IF(J$4=$F8,$H8,J7))) -> 46230.917 | K8: =IF(K$4="","",IF($B8="",K7,IF(K$4=$F8,$H8,K7))) -> 46230.792 | L8: =IF(L$4="","",IF($B8="",L7,IF(L$4=$F8,$H8,L7))) | M8: =IF(M$4="","",IF($B8="",M7,IF(M$4=$F8,$H8,M7))) | N8: =IF(N$4="","",IF($B8="",N7,IF(N$4=$F8,$H8,N7)))
A9: 4 | B9: =IFERROR(INDEX(Drives!$A$2:$A$13,MATCH($A9,Drives!$H$2:$H$13,0)),"") -> D006 | C9: =IF($B9="","",INDEX(Drives!$B$2:$B$13,MATCH($A9,Drives!$H$2:$H$13,0))) -> Manchester | D9: =IF($B9="","",INDEX(Drives!$D$2:$D$13,MATCH($A9,Drives!$H$2:$H$13,0))) -> 18.6 | E9: =IF($B9="","",INDEX(Drives!$E$2:$E$13,MATCH($A9,Drives!$H$2:$H$13,0))) -> 9 | F9: =IF($B9="","",INDEX($I$4:$N$4,MATCH(MIN($I8:$N8),$I8:$N8,0))) -> Server 3 | G9: =IF($B9="","",MIN($I8:$N8)) -> 46230.792 | H9: =IF($B9="","",$G9+$E9/24) -> 46231.167 | I9: =IF(I$4="","",IF($B9="",I8,IF(I$4=$F9,$H9,I8))) -> 46231.167 | J9: =IF(J$4="","",IF($B9="",J8,IF(J$4=$F9,$H9,J8))) -> 46230.917 | K9: =IF(K$4="","",IF($B9="",K8,IF(K$4=$F9,$H9,K8))) -> 46231.167 | L9: =IF(L$4="","",IF($B9="",L8,IF(L$4=$F9,$H9,L8))) | M9: =IF(M$4="","",IF($B9="",M8,IF(M$4=$F9,$H9,M8))) | N9: =IF(N$4="","",IF($B9="",N8,IF(N$4=$F9,$H9,N8)))
A10: 5 | B10: =IFERROR(INDEX(Drives!$A$2:$A$13,MATCH($A10,Drives!$H$2:$H$13,0)),"") -> D001 | C10: =IF($B10="","",INDEX(Drives!$B$2:$B$13,MATCH($A10,Drives!$H$2:$H$13,0))) -> London | D10: =IF($B10="","",INDEX(Drives!$D$2:$D$13,MATCH($A10,Drives!$H$2:$H$13,0))) -> 12.5 | E10: =IF($B10="","",INDEX(Drives!$E$2:$E$13,MATCH($A10,Drives!$H$2:$H$13,0))) -> 6 | F10: =IF($B10="","",INDEX($I$4:$N$4,MATCH(MIN($I9:$N9),$I9:$N9,0))) -> Server 2 | G10: =IF($B10="","",MIN($I9:$N9)) -> 46230.917 | H10: =IF($B10="","",$G10+$E10/24) -> 46231.167 | I10: =IF(I$4="","",IF($B10="",I9,IF(I$4=$F10,$H10,I9))) -> 46231.167 | J10: =IF(J$4="","",IF($B10="",J9,IF(J$4=$F10,$H10,J9))) -> 46231.167 | K10: =IF(K$4="","",IF($B10="",K9,IF(K$4=$F10,$H10,K9))) -> 46231.167 | L10: =IF(L$4="","",IF($B10="",L9,IF(L$4=$F10,$H10,L9))) | M10: =IF(M$4="","",IF($B10="",M9,IF(M$4=$F10,$H10,M9))) | N10: =IF(N$4="","",IF($B10="",N9,IF(N$4=$F10,$H10,N9)))
A11: 6 | B11: =IFERROR(INDEX(Drives!$A$2:$A$13,MATCH($A11,Drives!$H$2:$H$13,0)),"") -> D003 | C11: =IF($B11="","",INDEX(Drives!$B$2:$B$13,MATCH($A11,Drives!$H$2:$H$13,0))) -> London | D11: =IF($B11="","",INDEX(Drives!$D$2:$D$13,MATCH($A11,Drives!$H$2:$H$13,0))) -> 4.2 | E11: =IF($B11="","",INDEX(Drives!$E$2:$E$13,MATCH($A11,Drives!$H$2:$H$13,0))) -> 3 | F11: =IF($B11="","",INDEX($I$4:$N$4,MATCH(MIN($I10:$N10),$I10:$N10,0))) -> Server 1 | G11: =IF($B11="","",MIN($I10:$N10)) -> 46231.167 | H11: =IF($B11="","",$G11+$E11/24) -> 46231.292 | I11: =IF(I$4="","",IF($B11="",I10,IF(I$4=$F11,$H11,I10))) -> 46231.292 | J11: =IF(J$4="","",IF($B11="",J10,IF(J$4=$F11,$H11,J10))) -> 46231.167 | K11: =IF(K$4="","",IF($B11="",K10,IF(K$4=$F11,$H11,K10))) -> 46231.167 | L11: =IF(L$4="","",IF($B11="",L10,IF(L$4=$F11,$H11,L10))) | M11: =IF(M$4="","",IF($B11="",M10,IF(M$4=$F11,$H11,M10))) | N11: =IF(N$4="","",IF($B11="",N10,IF(N$4=$F11,$H11,N10)))
A12: 7 | B12: =IFERROR(INDEX(Drives!$A$2:$A$13,MATCH($A12,Drives!$H$2:$H$13,0)),"") -> D011 | C12: =IF($B12="","",INDEX(Drives!$B$2:$B$13,MATCH($A12,Drives!$H$2:$H$13,0))) -> Bristol | D12: =IF($B12="","",INDEX(Drives!$D$2:$D$13,MATCH($A12,Drives!$H$2:$H$13,0))) -> 3.1 | E12: =IF($B12="","",INDEX(Drives!$E$2:$E$13,MATCH($A12,Drives!$H$2:$H$13,0))) -> 2 | F12: =IF($B12="","",INDEX($I$4:$N$4,MATCH(MIN($I11:$N11),$I11:$N11,0))) -> Server 2 | G12: =IF($B12="","",MIN($I11:$N11)) -> 46231.167 | H12: =IF($B12="","",$G12+$E12/24) -> 46231.25 | I12: =IF(I$4="","",IF($B12="",I11,IF(I$4=$F12,$H12,I11))) -> 46231.292 | J12: =IF(J$4="","",IF($B12="",J11,IF(J$4=$F12,$H12,J11))) -> 46231.25 | K12: =IF(K$4="","",IF($B12="",K11,IF(K$4=$F12,$H12,K11))) -> 46231.167 | L12: =IF(L$4="","",IF($B12="",L11,IF(L$4=$F12,$H12,L11))) | M12: =IF(M$4="","",IF($B12="",M11,IF(M$4=$F12,$H12,M11))) | N12: =IF(N$4="","",IF($B12="",N11,IF(N$4=$F12,$H12,N11)))
A13: 8 | B13: =IFERROR(INDEX(Drives!$A$2:$A$13,MATCH($A13,Drives!$H$2:$H$13,0)),"") -> D002 | C13: =IF($B13="","",INDEX(Drives!$B$2:$B$13,MATCH($A13,Drives!$H$2:$H$13,0))) -> London | D13: =IF($B13="","",INDEX(Drives!$D$2:$D$13,MATCH($A13,Drives!$H$2:$H$13,0))) -> 0 | E13: =IF($B13="","",INDEX(Drives!$E$2:$E$13,MATCH($A13,Drives!$H$2:$H$13,0))) -> 8 | F13: =IF($B13="","",INDEX($I$4:$N$4,MATCH(MIN($I12:$N12),$I12:$N12,0))) -> Server 3 | G13: =IF($B13="","",MIN($I12:$N12)) -> 46231.167 | H13: =IF($B13="","",$G13+$E13/24) -> 46231.5 | I13: =IF(I$4="","",IF($B13="",I12,IF(I$4=$F13,$H13,I12))) -> 46231.292 | J13: =IF(J$4="","",IF($B13="",J12,IF(J$4=$F13,$H13,J12))) -> 46231.25 | K13: =IF(K$4="","",IF($B13="",K12,IF(K$4=$F13,$H13,K12))) -> 46231.5 | L13: =IF(L$4="","",IF($B13="",L12,IF(L$4=$F13,$H13,L12))) | M13: =IF(M$4="","",IF($B13="",M12,IF(M$4=$F13,$H13,M12))) | N13: =IF(N$4="","",IF($B13="",N12,IF(N$4=$F13,$H13,N12)))
A14: 9 | B14: =IFERROR(INDEX(Drives!$A$2:$A$13,MATCH($A14,Drives!$H$2:$H$13,0)),"") -> D005 | C14: =IF($B14="","",INDEX(Drives!$B$2:$B$13,MATCH($A14,Drives!$H$2:$H$13,0))) -> Manchester | D14: =IF($B14="","",INDEX(Drives!$D$2:$D$13,MATCH($A14,Drives!$H$2:$H$13,0))) -> 0 | E14: =IF($B14="","",INDEX(Drives!$E$2:$E$13,MATCH($A14,Drives!$H$2:$H$13,0))) -> 10 | F14: =IF($B14="","",INDEX($I$4:$N$4,MATCH(MIN($I13:$N13),$I13:$N13,0))) -> Server 2 | G14: =IF($B14="","",MIN($I13:$N13)) -> 46231.25 | H14: =IF($B14="","",$G14+$E14/24) -> 46231.667 | I14: =IF(I$4="","",IF($B14="",I13,IF(I$4=$F14,$H14,I13))) -> 46231.292 | J14: =IF(J$4="","",IF($B14="",J13,IF(J$4=$F14,$H14,J13))) -> 46231.667 | K14: =IF(K$4="","",IF($B14="",K13,IF(K$4=$F14,$H14,K13))) -> 46231.5 | L14: =IF(L$4="","",IF($B14="",L13,IF(L$4=$F14,$H14,L13))) | M14: =IF(M$4="","",IF($B14="",M13,IF(M$4=$F14,$H14,M13))) | N14: =IF(N$4="","",IF($B14="",N13,IF(N$4=$F14,$H14,N13)))
A15: 10 | B15: =IFERROR(INDEX(Drives!$A$2:$A$13,MATCH($A15,Drives!$H$2:$H$13,0)),"") -> D007 | C15: =IF($B15="","",INDEX(Drives!$B$2:$B$13,MATCH($A15,Drives!$H$2:$H$13,0))) -> Leeds | D15: =IF($B15="","",INDEX(Drives!$D$2:$D$13,MATCH($A15,Drives!$H$2:$H$13,0))) -> 0 | E15: =IF($B15="","",INDEX(Drives!$E$2:$E$13,MATCH($A15,Drives!$H$2:$H$13,0))) -> 5 | F15: =IF($B15="","",INDEX($I$4:$N$4,MATCH(MIN($I14:$N14),$I14:$N14,0))) -> Server 1 | G15: =IF($B15="","",MIN($I14:$N14)) -> 46231.292 | H15: =IF($B15="","",$G15+$E15/24) -> 46231.5 | I15: =IF(I$4="","",IF($B15="",I14,IF(I$4=$F15,$H15,I14))) -> 46231.5 | J15: =IF(J$4="","",IF($B15="",J14,IF(J$4=$F15,$H15,J14))) -> 46231.667 | K15: =IF(K$4="","",IF($B15="",K14,IF(K$4=$F15,$H15,K14))) -> 46231.5 | L15: =IF(L$4="","",IF($B15="",L14,IF(L$4=$F15,$H15,L14))) | M15: =IF(M$4="","",IF($B15="",M14,IF(M$4=$F15,$H15,M14))) | N15: =IF(N$4="","",IF($B15="",N14,IF(N$4=$F15,$H15,N14)))
A16: 11 | B16: =IFERROR(INDEX(Drives!$A$2:$A$13,MATCH($A16,Drives!$H$2:$H$13,0)),"") -> D009 | C16: =IF($B16="","",INDEX(Drives!$B$2:$B$13,MATCH($A16,Drives!$H$2:$H$13,0))) -> Leeds | D16: =IF($B16="","",INDEX(Drives!$D$2:$D$13,MATCH($A16,Drives!$H$2:$H$13,0))) -> 0 | E16: =IF($B16="","",INDEX(Drives!$E$2:$E$13,MATCH($A16,Drives!$H$2:$H$13,0))) -> 7 | F16: =IF($B16="","",INDEX($I$4:$N$4,MATCH(MIN($I15:$N15),$I15:$N15,0))) -> Server 1 | G16: =IF($B16="","",MIN($I15:$N15)) -> 46231.5 | H16: =IF($B16="","",$G16+$E16/24) -> 46231.792 | I16: =IF(I$4="","",IF($B16="",I15,IF(I$4=$F16,$H16,I15))) -> 46231.792 | J16: =IF(J$4="","",IF($B16="",J15,IF(J$4=$F16,$H16,J15))) -> 46231.667 | K16: =IF(K$4="","",IF($B16="",K15,IF(K$4=$F16,$H16,K15))) -> 46231.5 | L16: =IF(L$4="","",IF($B16="",L15,IF(L$4=$F16,$H16,L15))) | M16: =IF(M$4="","",IF($B16="",M15,IF(M$4=$F16,$H16,M15))) | N16: =IF(N$4="","",IF($B16="",N15,IF(N$4=$F16,$H16,N15)))
A17: 12 | B17: =IFERROR(INDEX(Drives!$A$2:$A$13,MATCH($A17,Drives!$H$2:$H$13,0)),"") -> D012 | C17: =IF($B17="","",INDEX(Drives!$B$2:$B$13,MATCH($A17,Drives!$H$2:$H$13,0))) -> Bristol | D17: =IF($B17="","",INDEX(Drives!$D$2:$D$13,MATCH($A17,Drives!$H$2:$H$13,0))) -> 0 | E17: =IF($B17="","",INDEX(Drives!$E$2:$E$13,MATCH($A17,Drives!$H$2:$H$13,0))) -> 6 | F17: =IF($B17="","",INDEX($I$4:$N$4,MATCH(MIN($I16:$N16),$I16:$N16,0))) -> Server 3 | G17: =IF($B17="","",MIN($I16:$N16)) -> 46231.5 | H17: =IF($B17="","",$G17+$E17/24) -> 46231.75 | I17: =IF(I$4="","",IF($B17="",I16,IF(I$4=$F17,$H17,I16))) -> 46231.792 | J17: =IF(J$4="","",IF($B17="",J16,IF(J$4=$F17,$H17,J16))) -> 46231.667 | K17: =IF(K$4="","",IF($B17="",K16,IF(K$4=$F17,$H17,K16))) -> 46231.75 | L17: =IF(L$4="","",IF($B17="",L16,IF(L$4=$F17,$H17,L16))) | M17: =IF(M$4="","",IF($B17="",M16,IF(M$4=$F17,$H17,M16))) | N17: =IF(N$4="","",IF($B17="",N16,IF(N$4=$F17,$H17,N16)))
... A35: 30 | B35: =IFERROR(INDEX(Drives!$A$2:$A$13,MATCH($A35,Drives!$H$2:$H$13,0)),"") | C35: =IF($B35="","",INDEX(Drives!$B$2:$B$13,MATCH($A35,Drives!$H$2:$H$13,0))) | D35: =IF($B35="","",INDEX(Drives!$D$2:$D$13,MATCH($A35,Drives!$H$2:$H$13,0))) | E35: =IF($B35="","",INDEX(Drives!$E$2:$E$13,MATCH($A35,Drives!$H$2:$H$13,0))) | F35: =IF($B35="","",INDEX($I$4:$N$4,MATCH(MIN($I34:$N34),$I34:$N34,0))) | G35: =IF($B35="","",MIN($I34:$N34)) | H35: =IF($B35="","",$G35+$E35/24) | I35: =IF(I$4="","",IF($B35="",I34,IF(I$4=$F35,$H35,I34))) -> 46231.792 | J35: =IF(J$4="","",IF($B35="",J34,IF(J$4=$F35,$H35,J34))) -> 46231.667 | K35: =IF(K$4="","",IF($B35="",K34,IF(K$4=$F35,$H35,K34))) -> 46231.75 | L35: =IF(L$4="","",IF($B35="",L34,IF(L$4=$F35,$H35,L34))) | M35: =IF(M$4="","",IF($B35="",M34,IF(M$4=$F35,$H35,M34))) | N35: =IF(N$4="","",IF($B35="",N34,IF(N$4=$F35,$H35,N34)))
A37: Drives scheduled | B37: =COUNTIF($B$6:$B$35,"?*") -> 12
A38: Estimated completion (makespan) | B38: =MAX($I$6:$N$35) -> 46231.792
